Pfam ID	Pfam Name	Gene Count	
pfam00004	AAA - ATPase family associated with various cellular activities (AAA)	7	
pfam00005	ABC_tran - ABC transporter	35	
pfam00006	ATP-synt_ab - ATP synthase alpha/beta family, nucleotide-binding domain	2	
pfam00009	GTP_EFTU - Elongation factor Tu GTP binding domain	4	
pfam00011	HSP20 - Hsp20/alpha crystallin family	1	
pfam00013	KH_1 - KH domain	1	
pfam00016	RuBisCO_large - Ribulose bisphosphate carboxylase large chain, catalytic domain	1	
pfam00037	Fer4 - 4Fe-4S binding domain	5	
pfam00069	Pkinase - Protein kinase domain	6	
pfam00072	Response_reg - Response regulator receiver domain	1	
pfam00079	Serpin - Serpin (serine protease inhibitor)	1	
pfam00082	Peptidase_S8 - Subtilase family	2	
pfam00085	Thioredoxin - Thioredoxin	1	
pfam00091	Tubulin - Tubulin/FtsZ family, GTPase domain	3	
pfam00107	ADH_zinc_N - Zinc-binding dehydrogenase	2	
pfam00108	Thiolase_N - Thiolase, N-terminal domain	1	
pfam00113	Enolase_C - Enolase, C-terminal TIM barrel domain	2	
pfam00117	GATase - Glutamine amidotransferase class-I	3	
pfam00118	Cpn60_TCP1 - TCP-1/cpn60 chaperonin family	2	
pfam00120	Gln-synt_C - Glutamine synthetase, catalytic domain	1	
pfam00121	TIM - Triosephosphate isomerase	1	
pfam00128	Alpha-amylase - Alpha amylase, catalytic domain	3	
pfam00132	Hexapep - Bacterial transferase hexapeptide (six repeats)	6	
pfam00133	tRNA-synt_1 - tRNA synthetases class I (I, L, M and V)	3	
pfam00136	DNA_pol_B - DNA polymerase family B	1	
pfam00137	ATP-synt_C - ATP synthase subunit C	1	
pfam00146	NADHdh - NADH dehydrogenase	4	
pfam00149	Metallophos - Calcineurin-like phosphoesterase	6	
pfam00152	tRNA-synt_2 - tRNA synthetases class II (D, K and N)	3	
pfam00155	Aminotran_1_2 - Aminotransferase class I and II	8	
pfam00156	Pribosyltran - Phosphoribosyl transferase domain	6	
pfam00162	PGK - Phosphoglycerate kinase	1	
pfam00164	Ribosom_S12_S23 - Ribosomal protein S12/S23	1	
pfam00175	NAD_binding_1 - Oxidoreductase NAD-binding domain	1	
pfam00176	SNF2_N - SNF2 family N-terminal domain	1	
pfam00177	Ribosomal_S7 - Ribosomal protein S7p/S5e	1	
pfam00181	Ribosomal_L2 - Ribosomal Proteins L2, RNA binding domain	1	
pfam00185	OTCace - Aspartate/ornithine carbamoyltransferase, Asp/Orn binding domain	2	
pfam00189	Ribosomal_S3_C - Ribosomal protein S3, C-terminal domain	1	
pfam00202	Aminotran_3 - Aminotransferase class-III	2	
pfam00203	Ribosomal_S19 - Ribosomal protein S19	1	
pfam00206	Lyase_1 - Lyase	1	
pfam00208	ELFV_dehydrog - Glutamate/Leucine/Phenylalanine/Valine dehydrogenase	1	
pfam00209	SNF - Sodium:neurotransmitter symporter family	1	
pfam00215	OMPdecase - Orotidine 5'-phosphate decarboxylase / HUMPS family	2	
pfam00224	PK - Pyruvate kinase, barrel domain	1	
pfam00227	Proteasome - Proteasome subunit	3	
pfam00237	Ribosomal_L22 - Ribosomal protein L22p/L17e	1	
pfam00238	Ribosomal_L14 - Ribosomal protein L14p/L23e	1	
pfam00239	Resolvase - Resolvase, N terminal domain	1	
pfam00246	Peptidase_M14 - Zinc carboxypeptidase	1	
pfam00248	Aldo_ket_red - Aldo/keto reductase family	1	
pfam00252	Ribosomal_L16 - Ribosomal protein L16p/L10e	1	
pfam00253	Ribosomal_S14 - Ribosomal protein S14p/S29e	1	
pfam00254	FKBP_C - FKBP-type peptidyl-prolyl cis-trans isomerase	2	
pfam00265	TK - Thymidine kinase	1	
pfam00266	Aminotran_5 - Aminotransferase class-V	2	
pfam00270	DEAD - DEAD/DEAH box helicase	8	
pfam00271	Helicase_C - Helicase conserved C-terminal domain	9	
pfam00275	EPSP_synthase - EPSP synthase (3-phosphoshikimate 1-carboxyvinyltransferase)	1	
pfam00276	Ribosomal_L23 - Ribosomal protein L23	1	
pfam00278	Orn_DAP_Arg_deC - Pyridoxal-dependent decarboxylase, C-terminal sheet domain	1	
pfam00281	Ribosomal_L5 - Ribosomal protein L5	1	
pfam00282	Pyridoxal_deC - Pyridoxal-dependent decarboxylase conserved domain	1	
pfam00288	GHMP_kinases_N - GHMP kinases N terminal domain	5	
pfam00291	PALP - Pyridoxal-phosphate dependent enzyme	3	
pfam00293	NUDIX - NUDIX domain	1	
pfam00294	PfkB - pfkB family carbohydrate kinase	4	
pfam00297	Ribosomal_L3 - Ribosomal protein L3	1	
pfam00298	Ribosomal_L11 - Ribosomal protein L11, RNA binding domain	1	
pfam00312	Ribosomal_S15 - Ribosomal protein S15	1	
pfam00317	Ribonuc_red_lgN - Ribonucleotide reductase, all-alpha domain	1	
pfam00318	Ribosomal_S2 - Ribosomal protein S2	1	
pfam00326	Peptidase_S9 - Prolyl oligopeptidase family	3	
pfam00327	Ribosomal_L30 - Ribosomal protein L30p/L7e	1	
pfam00329	Complex1_30kDa - Respiratory-chain NADH dehydrogenase, 30 Kd subunit	4	
pfam00333	Ribosomal_S5 - Ribosomal protein S5, N-terminal domain	1	
pfam00334	NDK - Nucleoside diphosphate kinase	1	
pfam00338	Ribosomal_S10 - Ribosomal protein S10p/S20e	1	
pfam00343	Phosphorylase - Carbohydrate phosphorylase	1	
pfam00344	SecY - SecY translocase	1	
pfam00346	Complex1_49kDa - Respiratory-chain NADH dehydrogenase, 49 Kd subunit	4	
pfam00347	Ribosomal_L6 - Ribosomal protein L6	1	
pfam00348	polyprenyl_synt - Polyprenyl synthetase	2	
pfam00352	TBP - Transcription factor TFIID (or TATA-binding protein, TBP)	2	
pfam00361	Proton_antipo_M - Proton-conducting membrane transporter	12	
pfam00364	Biotin_lipoyl - Biotin-requiring enzyme	2	
pfam00366	Ribosomal_S17 - Ribosomal protein S17	1	
pfam00368	HMG-CoA_red - Hydroxymethylglutaryl-coenzyme A reductase	1	
pfam00370	FGGY_N - FGGY family of carbohydrate kinases, N-terminal domain	2	
pfam00374	NiFeSe_Hases - Nickel-dependent hydrogenase	4	
pfam00375	SDF - Sodium:dicarboxylate symporter family	1	
pfam00380	Ribosomal_S9 - Ribosomal protein S9/S16	1	
pfam00382	TFIIB - Transcription factor TFIIB repeat	2	
pfam00383	dCMP_cyt_deam_1 - Cytidine and deoxycytidylate deaminase zinc-binding region	2	
pfam00384	Molybdopterin - Molybdopterin oxidoreductase	3	
pfam00389	2-Hacid_dh - D-isomer specific 2-hydroxyacid dehydrogenase, catalytic domain	3	
pfam00390	malic - Malic enzyme, N-terminal domain	1	
pfam00391	PEP-utilizers - PEP-utilising enzyme, mobile domain	1	
pfam00398	RrnaAD - Ribosomal RNA adenine dimethylase	1	
pfam00406	ADK - Adenylate kinase	1	
pfam00408	PGM_PMM_IV - Phosphoglucomutase/phosphomannomutase, C-terminal domain	3	
pfam00410	Ribosomal_S8 - Ribosomal protein S8	1	
pfam00411	Ribosomal_S11 - Ribosomal protein S11	1	
pfam00416	Ribosomal_S13 - Ribosomal protein S13/S18	1	
pfam00420	Oxidored_q2 - NADH-ubiquinone/plastoquinone oxidoreductase chain 4L	4	
pfam00428	Ribosomal_60s - 60s Acidic ribosomal protein	2	
pfam00432	Prenyltrans - Prenyltransferase and squalene oxidase repeat	1	
pfam00437	T2SSE - Type II/IV secretion system protein	4	
pfam00440	TetR_N - Bacterial regulatory proteins, tetR family	1	
pfam00448	SRP54 - SRP54-type protein, GTPase domain	2	
pfam00456	Transketolase_N - Transketolase, thiamine diphosphate binding domain	1	
pfam00459	Inositol_P - Inositol monophosphatase family	1	
pfam00464	SHMT - Serine hydroxymethyltransferase	1	
pfam00465	Fe-ADH - Iron-containing alcohol dehydrogenase	1	
pfam00466	Ribosomal_L10 - Ribosomal protein L10	1	
pfam00467	KOW - KOW motif	2	
pfam00474	SSF - Sodium:solute symporter family	1	
pfam00475	IGPD - Imidazoleglycerol-phosphate dehydratase	1	
pfam00478	IMPDH - IMP dehydrogenase / GMP reductase domain	1	
pfam00481	PP2C - Protein phosphatase 2C	1	
pfam00482	T2SSF - Type II secretion system (T2SS), protein F	3	
pfam00483	NTP_transferase - Nucleotidyl transferase	6	
pfam00491	Arginase - Arginase family	2	
pfam00493	MCM - MCM2/3/5 family	1	
pfam00496	SBP_bac_5 - Bacterial extracellular solute-binding proteins, family 5 Middle	3	
pfam00497	SBP_bac_3 - Bacterial extracellular solute-binding proteins, family 3	1	
pfam00501	AMP-binding - AMP-binding enzyme	1	
pfam00528	BPD_transp_1 - Binding-protein-dependent transport system inner membrane component	22	
pfam00534	Glycos_transf_1 - Glycosyl transferases group 1	8	
pfam00535	Glycos_transf_2 - Glycosyl transferase family 2	10	
pfam00543	P-II - Nitrogen regulatory protein P-II	1	
pfam00557	Peptidase_M24 - Metallopeptidase family M24	4	
pfam00562	RNA_pol_Rpb2_6 - RNA polymerase Rpb2, domain 6	1	
pfam00565	SNase - Staphylococcal nuclease homologue	2	
pfam00571	CBS - CBS domain	9	
pfam00572	Ribosomal_L13 - Ribosomal protein L13	1	
pfam00573	Ribosomal_L4 - Ribosomal protein L4/L1 family	1	
pfam00575	S1 - S1 RNA binding domain	3	
pfam00578	AhpC-TSA - AhpC/TSA family	2	
pfam00579	tRNA-synt_1b - tRNA synthetases class I (W and Y)	2	
pfam00582	Usp - Universal stress protein family	3	
pfam00583	Acetyltransf_1 - Acetyltransferase (GNAT) family	6	
pfam00586	AIRS - AIR synthase related protein, N-terminal domain	6	
pfam00587	tRNA-synt_2b - tRNA synthetase class II core domain (G, H, P, S and T)	4	
pfam00588	SpoU_methylase - SpoU rRNA Methylase family	1	
pfam00589	Phage_integrase - Phage integrase family	1	
pfam00590	TP_methylase - Tetrapyrrole (Corrin/Porphyrin) Methylases	1	
pfam00591	Glycos_transf_3 - Glycosyl transferase family, a/b domain	1	
pfam00596	Aldolase_II - Class II Aldolase and Adducin N-terminal domain	1	
pfam00623	RNA_pol_Rpb1_2 - RNA polymerase Rpb1, domain 2	1	
pfam00633	HHH - Helix-hairpin-helix motif	1	
pfam00654	Voltage_CLC - Voltage gated chloride channel	1	
pfam00662	Proton_antipo_N - NADH-Ubiquinone oxidoreductase (complex I), chain 5 N-terminus	2	
pfam00670	AdoHcyase_NAD - S-adenosyl-L-homocysteine hydrolase, NAD binding domain	1	
pfam00673	Ribosomal_L5_C - ribosomal L5P family C-terminus	1	
pfam00677	Lum_binding - Lumazine binding domain	1	
pfam00679	EFG_C - Elongation factor G C-terminus	1	
pfam00682	HMGL-like - HMGL-like	1	
pfam00687	Ribosomal_L1 - Ribosomal protein L1p/L10e family	1	
pfam00692	dUTPase - dUTPase	1	
pfam00696	AA_kinase - Amino acid kinase family	4	
pfam00705	PCNA_N - Proliferating cell nuclear antigen, N-terminal domain	1	
pfam00708	Acylphosphatase - Acylphosphatase	2	
pfam00709	Adenylsucc_synt - Adenylosuccinate synthetase	1	
pfam00710	Asparaginase - Asparaginase, N-terminal	2	
pfam00717	Peptidase_S24 - Peptidase S24-like	3	
pfam00719	Pyrophosphatase - Inorganic pyrophosphatase	1	
pfam00730	HhH-GPD - HhH-GPD superfamily base excision DNA repair protein	2	
pfam00731	AIRC - AIR carboxylase	1	
pfam00733	Asn_synthase - Asparagine synthase	4	
pfam00736	EF1_GNE - EF-1 guanine nucleotide exchange domain	1	
pfam00742	Homoserine_dh - Homoserine dehydrogenase	1	
pfam00749	tRNA-synt_1c - tRNA synthetases class I (E and Q), catalytic domain	1	
pfam00750	tRNA-synt_1d - tRNA synthetases class I (R)	1	
pfam00752	XPG_N - XPG N-terminal domain	1	
pfam00753	Lactamase_B - Metallo-beta-lactamase superfamily	7	
pfam00756	Esterase - Putative esterase	1	
pfam00762	Ferrochelatase - Ferrochelatase	1	
pfam00793	DAHP_synth_1 - DAHP synthetase I family	1	
pfam00795	CN_hydrolase - Carbon-nitrogen hydrolase	2	
pfam00801	PKD - PKD domain	1	
pfam00805	Pentapeptide - Pentapeptide repeats (8 copies)	1	
pfam00808	CBFD_NFYB_HMF - Histone-like transcription factor (CBF/NF-Y) and archaeal histone	2	
pfam00814	Peptidase_M22 - Glycoprotease family	2	
pfam00815	Histidinol_dh - Histidinol dehydrogenase	1	
pfam00821	PEPCK - Phosphoenolpyruvate carboxykinase	1	
pfam00827	Ribosomal_L15e - Ribosomal L15	1	
pfam00828	Ribosomal_L27A - Ribosomal proteins 50S-L15, 50S-L18e, 60S-L27A	1	
pfam00831	Ribosomal_L29 - Ribosomal L29 protein	1	
pfam00832	Ribosomal_L39 - Ribosomal L39 protein	1	
pfam00833	Ribosomal_S17e - Ribosomal S17	1	
pfam00850	Hist_deacetyl - Histone deacetylase domain	1	
pfam00857	Isochorismatase - Isochorismatase family	1	
pfam00860	Xan_ur_permease - Permease family	1	
pfam00867	XPG_I - XPG I-region	1	
pfam00881	Nitroreductase - Nitroreductase family	1	
pfam00885	DMRL_synthase - 6,7-dimethyl-8-ribityllumazine synthase	1	
pfam00890	FAD_binding_2 - FAD binding domain	1	
pfam00892	EamA - EamA-like transporter family	6	
pfam00899	ThiF - ThiF family	1	
pfam00900	Ribosomal_S4e - Ribosomal family S4e	1	
pfam00919	UPF0004 - Uncharacterized protein family UPF0004	1	
pfam00924	MS_channel - Mechanosensitive ion channel	2	
pfam00925	GTP_cyclohydro2 - GTP cyclohydrolase II	1	
pfam00926	DHBP_synthase - 3,4-dihydroxy-2-butanone 4-phosphate synthase	1	
pfam00935	Ribosomal_L44 - Ribosomal protein L44	1	
pfam00950	ABC-3 - ABC 3 transport family	1	
pfam00958	GMP_synt_C - GMP synthase C terminal domain	1	
pfam00977	His_biosynth - Histidine biosynthesis protein	2	
pfam00984	UDPG_MGDP_dh - UDP-glucose/GDP-mannose dehydrogenase family, central domain	2	
pfam00994	MoCF_biosynth - Probable molybdopterin binding domain	4	
pfam00999	Na_H_Exchanger - Sodium/hydrogen exchanger family	5	
pfam01000	RNA_pol_A_bac - RNA polymerase Rpb3/RpoA insert domain	1	
pfam01008	IF-2B - Initiation factor 2 subunit family	3	
pfam01015	Ribosomal_S3Ae - Ribosomal S3Ae family	1	
pfam01022	HTH_5 - Bacterial regulatory protein, arsR family	6	
pfam01026	TatD_DNase - TatD related DNase	2	
pfam01029	NusB - NusB family	1	
pfam01032	FecCD - FecCD transport family	2	
pfam01035	DNA_binding_1 - 6-O-methylguanine DNA methyltransferase, DNA binding domain	1	
pfam01037	AsnC_trans_reg - Lrp/AsnC ligand binding domain	9	
pfam01039	Carboxyl_trans - Carboxyl transferase domain	1	
pfam01040	UbiA - UbiA prenyltransferase family	3	
pfam01041	DegT_DnrJ_EryC1 - DegT/DnrJ/EryC1/StrS aminotransferase family	1	
pfam01042	Ribonuc_L-PSP - Endoribonuclease L-PSP	1	
pfam01048	PNP_UDP_1 - Phosphorylase superfamily	4	
pfam01050	MannoseP_isomer - Mannose-6-phosphate isomerase	1	
pfam01058	Oxidored_q6 - NADH ubiquinone oxidoreductase, 20 Kd subunit	5	
pfam01061	ABC2_membrane - ABC-2 type transporter	2	
pfam01066	CDP-OH_P_transf - CDP-alcohol phosphatidyltransferase	2	
pfam01068	DNA_ligase_A_M - ATP dependent DNA ligase domain	1	
pfam01070	FMN_dh - FMN-dependent dehydrogenase	1	
pfam01071	GARS_A - Phosphoribosylglycinamide synthetase, ATP-grasp (A) domain	1	
pfam01078	Mg_chelatase - Magnesium chelatase, subunit ChlI	1	
pfam01090	Ribosomal_S19e - Ribosomal protein S19e	1	
pfam01092	Ribosomal_S6e - Ribosomal protein S6e	1	
pfam01096	TFIIS_C - Transcription factor S-II (TFIIS)	1	
pfam01105	EMP24_GP25L - emp24/gp25L/p24 family/GOLD	1	
pfam01112	Asparaginase_2 - Asparaginase	1	
pfam01113	DapB_N - Dihydrodipicolinate reductase, N-terminus	1	
pfam01118	Semialdhyde_dh - Semialdehyde dehydrogenase, NAD binding domain	1	
pfam01131	Topoisom_bac - DNA topoisomerase	2	
pfam01134	GIDA - Glucose inhibited division protein A	1	
pfam01135	PCMT - Protein-L-isoaspartate(D-aspartate) O-methyltransferase (PCMT)	1	
pfam01137	RTC - RNA 3'-terminal phosphate cyclase	1	
pfam01138	RNase_PH - 3' exoribonuclease family, domain 1	2	
pfam01139	RtcB - tRNA-splicing ligase RtcB	1	
pfam01142	TruD - tRNA pseudouridine synthase D (TruD)	1	
pfam01144	CoA_trans - Coenzyme A transferase	1	
pfam01145	Band_7 - SPFH domain / Band 7 family	2	
pfam01154	HMG_CoA_synt_N - Hydroxymethylglutaryl-coenzyme A synthase N terminal	1	
pfam01155	HypA - Hydrogenase/urease nickel incorporation, metallochaperone, hypA	1	
pfam01157	Ribosomal_L21e - Ribosomal protein L21e	1	
pfam01161	PBP - Phosphatidylethanolamine-binding protein	1	
pfam01163	RIO1 - RIO1 family	3	
pfam01169	UPF0016 - Uncharacterized protein family UPF0016	1	
pfam01170	UPF0020 - Putative RNA methylase family UPF0020	3	
pfam01171	ATP_bind_3 - PP-loop family	2	
pfam01172	SBDS - Shwachman-Bodian-Diamond syndrome (SBDS) protein	1	
pfam01174	SNO - SNO glutamine amidotransferase family	1	
pfam01176	eIF-1a - Translation initiation factor 1A / IF-1	1	
pfam01177	Asp_Glu_race - Asp/Glu/Hydantoin racemase	3	
pfam01180	DHO_dh - Dihydroorotate dehydrogenase	1	
pfam01189	Methyltr_RsmB-F - 16S rRNA methyltransferase RsmB/F	5	
pfam01191	RNA_pol_Rpb5_C - RNA polymerase Rpb5, C-terminal domain	1	
pfam01192	RNA_pol_Rpb6 - RNA polymerase Rpb6	1	
pfam01193	RNA_pol_L - RNA polymerase Rpb3/Rpb11 dimerisation domain	1	
pfam01194	RNA_pol_N - RNA polymerases N / 8 kDa subunit	1	
pfam01198	Ribosomal_L31e - Ribosomal protein L31e	1	
pfam01199	Ribosomal_L34e - Ribosomal protein L34e	1	
pfam01200	Ribosomal_S28e - Ribosomal protein S28e	1	
pfam01201	Ribosomal_S8e - Ribosomal protein S8e	1	
pfam01209	Ubie_methyltran - ubiE/COQ5 methyltransferase family	1	
pfam01226	Form_Nir_trans - Formate/nitrite transporter	1	
pfam01230	HIT - HIT domain	2	
pfam01235	Na_Ala_symp - Sodium:alanine symporter family	1	
pfam01242	PTPS - 6-pyruvoyl tetrahydropterin synthase	2	
pfam01244	Peptidase_M19 - Membrane dipeptidase (Peptidase family M19)	1	
pfam01246	Ribosomal_L24e - Ribosomal protein L24e	1	
pfam01247	Ribosomal_L35Ae - Ribosomal protein L35Ae	1	
pfam01248	Ribosomal_L7Ae - Ribosomal protein L7Ae/L30e/S12e/Gadd45 family	2	
pfam01253	SUI1 - Translation initiation factor SUI1	1	
pfam01255	Prenyltransf - Putative undecaprenyl diphosphate synthase	1	
pfam01256	Carb_kinase - Carbohydrate kinase	1	
pfam01259	SAICAR_synt - SAICAR synthetase	2	
pfam01261	AP_endonuc_2 - Xylose isomerase-like TIM barrel	5	
pfam01264	Chorismate_synt - Chorismate synthase	1	
pfam01266	DAO - FAD dependent oxidoreductase	4	
pfam01269	Fibrillarin - Fibrillarin	1	
pfam01280	Ribosomal_L19e - Ribosomal protein L19e	1	
pfam01282	Ribosomal_S24e - Ribosomal protein S24e	1	
pfam01287	eIF-5a - Eukaryotic elongation factor 5A hypusine, DNA-binding OB fold	1	
pfam01297	ZnuA - Zinc-uptake complex component A periplasmic	1	
pfam01300	Sua5_yciO_yrdC - Telomere recombination	2	
pfam01314	AFOR_C - Aldehyde ferredoxin oxidoreductase, domains 2 & 3	5	
pfam01321	Creatinase_N - Creatinase/Prolidase N-terminal domain	3	
pfam01325	Fe_dep_repress - Iron dependent repressor, N-terminal DNA binding domain	1	
pfam01326	PPDK_N - Pyruvate phosphate dikinase, PEP/pyruvate binding domain	1	
pfam01336	tRNA_anti-codon - OB-fold nucleic acid binding domain	7	
pfam01343	Peptidase_S49 - Peptidase family S49	1	
pfam01351	RNase_HII - Ribonuclease HII	1	
pfam01368	DHH - DHH family	2	
pfam01370	Epimerase - NAD dependent epimerase/dehydratase family	2	
pfam01380	SIS - SIS domain	3	
pfam01381	HTH_3 - Helix-turn-helix	6	
pfam01384	PHO4 - Phosphate transporter family	3	
pfam01396	zf-C4_Topoisom - Topoisomerase DNA binding C4 zinc finger	1	
pfam01402	RHH_1 - Ribbon-helix-helix protein, copG family	3	
pfam01406	tRNA-synt_1e - tRNA synthetases class I (C) catalytic domain	1	
pfam01408	GFO_IDH_MocA - Oxidoreductase family, NAD-binding Rossmann fold	4	
pfam01409	tRNA-synt_2d - tRNA synthetases class II core domain (F)	2	
pfam01411	tRNA-synt_2c - tRNA synthetases class II (A)	3	
pfam01416	PseudoU_synth_1 - tRNA pseudouridine synthase	1	
pfam01423	LSM - LSM domain	1	
pfam01435	Peptidase_M48 - Peptidase family M48	2	
pfam01455	HupF_HypC - HupF/HypC family	2	
pfam01458	UPF0051 - Uncharacterized protein family (UPF0051)	2	
pfam01467	CTP_transf_like - Cytidylyltransferase-like	3	
pfam01470	Peptidase_C15 - Pyroglutamyl peptidase	1	
pfam01472	PUA - PUA domain	7	
pfam01479	S4 - S4 domain	2	
pfam01487	DHquinase_I - Type I 3-dehydroquinase	1	
pfam01488	Shikimate_DH - Shikimate / quinate 5-dehydrogenase	1	
pfam01494	FAD_binding_3 - FAD binding domain	2	
pfam01496	V_ATPase_I - V-type ATPase 116kDa subunit family	1	
pfam01497	Peripla_BP_2 - Periplasmic binding protein	2	
pfam01502	PRA-CH - Phosphoribosyl-AMP cyclohydrolase	1	
pfam01503	PRA-PH - Phosphoribosyl-ATP pyrophosphohydrolase	1	
pfam01507	PAPS_reduct - Phosphoadenosine phosphosulfate reductase family	2	
pfam01509	TruB_N - TruB family pseudouridylate synthase (N terminal domain)	1	
pfam01513	NAD_kinase - ATP-NAD kinase	2	
pfam01520	Amidase_3 - N-acetylmuramoyl-L-alanine amidase	1	
pfam01522	Polysacc_deac_1 - Polysaccharide deacetylase	1	
pfam01523	PmbA_TldD - Putative modulator of DNA gyrase	7	
pfam01545	Cation_efflux - Cation efflux family	1	
pfam01546	Peptidase_M20 - Peptidase family M20/M25/M40	5	
pfam01547	SBP_bac_1 - Bacterial extracellular solute-binding protein	1	
pfam01554	MatE - MatE	3	
pfam01555	N6_N4_Mtase - DNA methylase	1	
pfam01558	POR - Pyruvate ferredoxin/flavodoxin oxidoreductase	5	
pfam01564	Spermine_synth - Spermine/spermidine synthase	1	
pfam01565	FAD_binding_4 - FAD binding domain	1	
pfam01568	Molydop_binding - Molydopterin dinucleotide binding domain	3	
pfam01569	PAP2 - PAP2 superfamily	1	
pfam01571	GCV_T - Aminomethyltransferase folate-binding domain	1	
pfam01588	tRNA_bind - Putative tRNA binding domain	2	
pfam01593	Amino_oxidase - Flavin containing amine oxidoreductase	1	
pfam01594	AI-2E_transport - AI-2E family transporter	2	
pfam01597	GCV_H - Glycine cleavage H-protein	1	
pfam01599	Ribosomal_S27 - Ribosomal protein S27a	1	
pfam01602	Adaptin_N - Adaptin N terminal region	1	
pfam01627	Hpt - Hpt domain	1	
pfam01634	HisG - ATP phosphoribosyltransferase	1	
pfam01637	ATPase_2 - ATPase domain predominantly from Archaea	14	
pfam01642	MM_CoA_mutase - Methylmalonyl-CoA mutase	1	
pfam01654	Cyt_bd_oxida_I - Cytochrome bd terminal oxidase subunit I	1	
pfam01655	Ribosomal_L32e - Ribosomal protein L32	1	
pfam01656	CbiA - CobQ/CobB/MinD/ParA nucleotide binding domain	7	
pfam01658	Inos-1-P_synth - Myo-inositol-1-phosphate synthase	1	
pfam01661	Macro - Macro domain	1	
pfam01663	Phosphodiest - Type I phosphodiesterase / nucleotide pyrophosphatase	1	
pfam01667	Ribosomal_S27e - Ribosomal protein S27	1	
pfam01676	Metalloenzyme - Metalloenzyme superfamily	1	
pfam01680	SOR_SNZ - SOR/SNZ family	1	
pfam01694	Rhomboid - Rhomboid family	1	
pfam01699	Na_Ca_ex - Sodium/calcium exchanger protein	1	
pfam01702	TGT - Queuine tRNA-ribosyltransferase	1	
pfam01725	Ham1p_like - Ham1 family	1	
pfam01726	LexA_DNA_bind - LexA DNA binding domain	1	
pfam01729	QRPTase_C - Quinolinate phosphoribosyl transferase, C-terminal domain	2	
pfam01750	HycI - Hydrogenase maturation protease	1	
pfam01751	Toprim - Toprim domain	4	
pfam01758	SBF - Sodium Bile acid symporter family	1	
pfam01761	DHQ_synthase - 3-dehydroquinate synthase	1	
pfam01769	MgtE - Divalent cation transporter	2	
pfam01775	Ribosomal_L18A - Ribosomal proteins 50S-L18Ae/60S-L20/60S-L18A	1	
pfam01780	Ribosomal_L37ae - Ribosomal L37ae protein family	1	
pfam01784	NIF3 - NIF3 (NGG1p interacting factor 3)	1	
pfam01791	DeoC - DeoC/LacD family aldolase	2	
pfam01796	OB_aCoA_assoc - DUF35 OB-fold domain, acyl-CoA-associated	1	
pfam01798	Nop - snoRNA binding domain, fibrillarin	1	
pfam01813	ATP-synt_D - ATP synthase subunit D	1	
pfam01817	CM_2 - Chorismate mutase type II	1	
pfam01842	ACT - ACT domain	1	
pfam01849	NAC - NAC domain	1	
pfam01850	PIN - PIN domain	16	
pfam01855	POR_N - Pyruvate flavodoxin/ferredoxin oxidoreductase, thiamine diP-bdg	6	
pfam01861	DUF43 - Protein of unknown function DUF43	1	
pfam01862	PvlArgDC - Pyruvoyl-dependent arginine decarboxylase (PvlArgDC)	1	
pfam01863	DUF45 - Protein of unknown function DUF45	1	
pfam01864	CarS-like - CDP-archaeol synthase	1	
pfam01865	PhoU_div - Protein of unknown function DUF47	2	
pfam01866	Diphthamide_syn - Putative diphthamide synthesis protein	1	
pfam01868	UPF0086 - Domain of unknown function UPF0086	1	
pfam01869	BcrAD_BadFG - BadF/BadG/BcrA/BcrD ATPase family	1	
pfam01870	Hjc - Archaeal holliday junction resolvase (hjc)	1	
pfam01871	AMMECR1 - AMMECR1	1	
pfam01872	RibD_C - RibD C-terminal domain	1	
pfam01873	eIF-5_eIF-2B - Domain found in IF2B/IF5	2	
pfam01874	CitG - ATP:dephospho-CoA triphosphoribosyl transferase	1	
pfam01875	Memo - Memo-like protein	1	
pfam01876	RNase_P_p30 - RNase P subunit p30	1	
pfam01877	RNA_binding - RNA binding	2	
pfam01880	Desulfoferrodox - Desulfoferrodoxin	1	
pfam01881	Cas_Cas6 - CRISPR associated protein Cas6	3	
pfam01882	DUF58 - Protein of unknown function DUF58	3	
pfam01883	DUF59 - Domain of unknown function DUF59	4	
pfam01884	PcrB - PcrB family	1	
pfam01885	PTS_2-RNA - RNA 2'-phosphotransferase, Tpt1 / KptA family	1	
pfam01886	DUF61 - Protein of unknown function DUF61	1	
pfam01887	SAM_adeno_trans - S-adenosyl-l-methionine hydroxide adenosyltransferase	1	
pfam01889	DUF63 - Membrane protein of unknown function DUF63	2	
pfam01894	UPF0047 - Uncharacterised protein family UPF0047	2	
pfam01895	PhoU - PhoU domain	4	
pfam01896	DNA_primase_S - DNA primase small subunit	1	
pfam01899	MNHE - Na+/H+ ion antiporter subunit	4	
pfam01900	RNase_P_Rpp14 - Rpp14/Pop5 family	1	
pfam01902	Diphthami_syn_2 - Diphthamide synthase	2	
pfam01904	DUF72 - Protein of unknown function DUF72	1	
pfam01905	DevR - CRISPR-associated negative auto-regulator DevR/Csa2	1	
pfam01906	YbjQ_1 - Putative heavy-metal-binding	1	
pfam01907	Ribosomal_L37e - Ribosomal protein L37e	1	
pfam01909	NTP_transf_2 - Nucleotidyltransferase domain	9	
pfam01910	Thiamine_BP - Thiamine-binding protein	2	
pfam01912	eIF-6 - eIF-6 family	1	
pfam01914	MarC - MarC family integral membrane protein	2	
pfam01916	DS - Deoxyhypusine synthase	1	
pfam01917	Arch_flagellin - Archaebacterial flagellin	6	
pfam01918	Alba - Alba	1	
pfam01920	Prefoldin_2 - Prefoldin subunit	2	
pfam01921	tRNA-synt_1f - tRNA synthetases class I (K)	1	
pfam01922	SRP19 - SRP19 protein	1	
pfam01923	Cob_adeno_trans - Cobalamin adenosyltransferase	1	
pfam01924	HypD - Hydrogenase formation hypA family	1	
pfam01925	TauE - Sulfite exporter TauE/SafE	4	
pfam01926	MMR_HSR1 - 50S ribosome-binding GTPase	6	
pfam01927	Mut7-C - Mut7-C RNAse domain	1	
pfam01928	CYTH - CYTH domain	2	
pfam01929	Ribosomal_L14e - Ribosomal protein L14	1	
pfam01931	NTPase_I-T - Protein of unknown function DUF84	1	
pfam01934	DUF86 - Protein of unknown function DUF86	2	
pfam01935	DUF87 - Domain of unknown function DUF87	1	
pfam01936	NYN - NYN domain	2	
pfam01937	DUF89 - Protein of unknown function DUF89	1	
pfam01938	TRAM - TRAM domain	2	
pfam01939	DUF91 - Protein of unknown function DUF91	1	
pfam01940	DUF92 - Integral membrane protein DUF92	1	
pfam01941	AdoMet_Synthase - S-adenosylmethionine synthetase (AdoMet synthetase)	1	
pfam01943	Polysacc_synt - Polysaccharide biosynthesis protein	2	
pfam01944	SpoIIM - Stage II sporulation protein M	1	
pfam01946	Thi4 - Thi4 family	1	
pfam01948	PyrI - Aspartate carbamoyltransferase regulatory chain, allosteric domain	1	
pfam01949	DUF99 - Protein of unknown function DUF99	1	
pfam01950	FBPase_3 - Fructose-1,6-bisphosphatase	1	
pfam01951	Archease - Archease protein family (MTH1598/TM1083)	1	
pfam01954	DUF104 - Protein of unknown function DUF104	5	
pfam01955	CbiZ - Adenosylcobinamide amidohydrolase	1	
pfam01956	DUF106 - Integral membrane protein DUF106	1	
pfam01957	NfeD - NfeD-like C-terminal, partner-binding	3	
pfam01963	TraB - TraB family	1	
pfam01964	ThiC_Rad_SAM - Radical SAM ThiC family	1	
pfam01965	DJ-1_PfpI - DJ-1/PfpI family	1	
pfam01966	HD - HD domain	3	
pfam01967	MoaC - MoaC family	1	
pfam01970	TctA - Tripartite tricarboxylate transporter TctA family	2	
pfam01972	SDH_sah - Serine dehydrogenase proteinase	2	
pfam01973	MAF_flag10 - Protein of unknown function DUF115	1	
pfam01974	tRNA_int_endo - tRNA intron endonuclease, catalytic C-terminal domain	1	
pfam01975	SurE - Survival protein SurE	1	
pfam01977	UbiD - 3-octaprenyl-4-hydroxybenzoate carboxy-lyase	2	
pfam01978	TrmB - Sugar-specific transcriptional regulator TrmB	6	
pfam01979	Amidohydro_1 - Amidohydrolase family	4	
pfam01980	UPF0066 - Uncharacterised protein family UPF0066	1	
pfam01981	PTH2 - Peptidyl-tRNA hydrolase PTH2	1	
pfam01982	CTP-dep_RFKase - Domain of unknown function DUF120	1	
pfam01984	dsDNA_bind - Double-stranded DNA-binding domain	1	
pfam01985	CRS1_YhbY - CRS1 / YhbY (CRM) domain	1	
pfam01986	DUF123 - Domain of unknown function DUF123	1	
pfam01987	AIM24 - Mitochondrial biogenesis AIM24	1	
pfam01988	VIT1 - VIT family	1	
pfam01989	DUF126 - Protein of unknown function DUF126	1	
pfam01990	ATP-synt_F - ATP synthase (F/14-kDa) subunit	1	
pfam01991	vATP-synt_E - ATP synthase (E/31 kDa) subunit	1	
pfam01992	vATP-synt_AC39 - ATP synthase (C/AC39) subunit	1	
pfam01994	Trm56 - tRNA ribose 2'-O-methyltransferase, aTrm56	1	
pfam01997	Translin - Translin family	1	
pfam01998	DUF131 - Protein of unknown function DUF131	1	
pfam02001	DUF134 - Protein of unknown function DUF134	1	
pfam02002	TFIIE_alpha - TFIIE alpha subunit	1	
pfam02005	TRM - N2,N2-dimethylguanosine tRNA methyltransferase	1	
pfam02006	DUF137 - Protein of unknown function DUF137	1	
pfam02074	Peptidase_M32 - Carboxypeptidase Taq (M32) metallopeptidase	1	
pfam02080	TrkA_C - TrkA-C domain	3	
pfam02129	Peptidase_S15 - X-Pro dipeptidyl-peptidase (S15 family)	1	
pfam02146	SIR2 - Sir2 family	1	
pfam02150	RNA_POL_M_15KD - RNA polymerases M/15 Kd subunit	1	
pfam02153	PDH - Prephenate dehydrogenase	1	
pfam02163	Peptidase_M50 - Peptidase family M50	2	
pfam02195	ParBc - ParB-like nuclease domain	1	
pfam02222	ATP-grasp - ATP-grasp domain	1	
pfam02223	Thymidylate_kin - Thymidylate kinase	1	
pfam02237	BPL_C - Biotin protein ligase C terminal domain	1	
pfam02254	TrkA_N - TrkA-N domain	3	
pfam02272	DHHA1 - DHHA1 domain	5	
pfam02310	B12-binding - B12 binding domain	2	
pfam02322	Cyt_bd_oxida_II - Cytochrome bd terminal oxidase subunit II	1	
pfam02347	GDC-P - Glycine cleavage system P-protein	2	
pfam02355	SecD_SecF - Protein export membrane protein	2	
pfam02359	CDC48_N - Cell division protein 48 (CDC48), N-terminal domain	2	
pfam02361	CbiQ - Cobalt transport protein	1	
pfam02374	ArsA_ATPase - Anion-transporting ATPase	1	
pfam02381	MraZ - MraZ protein, putative antitoxin-like	3	
pfam02386	TrkH - Cation transport protein	1	
pfam02391	MoaE - MoaE protein	1	
pfam02403	Seryl_tRNA_N - Seryl-tRNA synthetase N-terminal domain	1	
pfam02421	FeoB_N - Ferrous iron transport protein B	1	
pfam02436	PYC_OADA - Conserved carboxylase domain	1	
pfam02441	Flavoprotein - Flavoprotein	2	
pfam02445	NadA - Quinolinate synthetase A protein	1	
pfam02457	DisA_N - DisA bacterial checkpoint controller nucleotide-binding	1	
pfam02463	SMC_N - RecF/RecN/SMC N terminal domain	1	
pfam02475	Met_10 - Met-10+ like-protein	5	
pfam02492	cobW - CobW/HypB/UreG, nucleotide-binding domain	1	
pfam02511	Thy1 - Thymidylate synthase complementing protein	1	
pfam02516	STT3 - Oligosaccharyl transferase STT3 subunit	2	
pfam02517	Abi - CAAX protease self-immunity	2	
pfam02518	HATPase_c - Histidine kinase-, DNA gyrase B-, and HSP90-like ATPase	2	
pfam02535	Zip - ZIP Zinc transporter	1	
pfam02537	CRCB - CrcB-like protein, Camphor Resistance (CrcB)	1	
pfam02540	NAD_synthase - NAD synthase	2	
pfam02543	Carbam_trans_N - Carbamoyltransferase N-terminus	1	
pfam02545	Maf - Maf-like protein	1	
pfam02548	Pantoate_transf - Ketopantoate hydroxymethyltransferase	1	
pfam02554	CstA - Carbon starvation protein CstA	1	
pfam02558	ApbA - Ketopantoate reductase PanE/ApbA	1	
pfam02566	OsmC - OsmC-like protein	3	
pfam02568	ThiI - Thiamine biosynthesis protein (ThiI)	2	
pfam02572	CobA_CobO_BtuR - ATP:corrinoid adenosyltransferase BtuR/CobO/CobP	1	
pfam02579	Nitro_FeMo-Co - Dinitrogenase iron-molybdenum cofactor	4	
pfam02585	PIG-L - GlcNAc-PI de-N-acetylase	2	
pfam02594	DUF167 - Uncharacterised ACR, YggU family COG1872	1	
pfam02597	ThiS - ThiS family	3	
pfam02598	Methyltrn_RNA_3 - Putative RNA methyltransferase	1	
pfam02608	Bmp - ABC transporter substrate-binding protein PnrA-like	1	
pfam02616	SMC_ScpA - Segregation and condensation protein ScpA	1	
pfam02626	CT_A_B - Carboxyltransferase domain, subdomain A and B	1	
pfam02632	BioY - BioY family	1	
pfam02633	Creatininase - Creatinine amidohydrolase	1	
pfam02637	GatB_Yqey - GatB domain	1	
pfam02641	DUF190 - Uncharacterized ACR, COG1993	1	
pfam02643	DUF192 - Uncharacterized ACR, COG1430	1	
pfam02649	GCHY-1 - Type I GTP cyclohydrolase folE2	1	
pfam02653	BPD_transp_2 - Branched-chain amino acid transport system / permease component	2	
pfam02654	CobS - Cobalamin-5-phosphate synthase	1	
pfam02673	BacA - Bacitracin resistance protein BacA	1	
pfam02675	AdoMet_dc - S-adenosylmethionine decarboxylase	1	
pfam02676	TYW3 - Methyltransferase TYW3	2	
pfam02680	DUF211 - Uncharacterized ArCR, COG1888	1	
pfam02682	CT_C_D - Carboxyltransferase domain, subdomain C and D	1	
pfam02697	DUF217 - Uncharacterized ACR, COG1753	1	
pfam02700	PurS - Phosphoribosylformylglycinamidine (FGAM) synthase	1	
pfam02729	OTCace_N - Aspartate/ornithine carbamoyltransferase, carbamoyl-P binding domain	2	
pfam02730	AFOR_N - Aldehyde ferredoxin oxidoreductase, N-terminal domain	4	
pfam02732	ERCC4 - ERCC4 domain	1	
pfam02742	Fe_dep_repr_C - Iron dependent repressor, metal binding and dimerisation domain	1	
pfam02747	PCNA_C - Proliferating cell nuclear antigen, C-terminal domain	1	
pfam02748	PyrI_C - Aspartate carbamoyltransferase regulatory chain, metal binding domain	1	
pfam02749	QRPTase_N - Quinolinate phosphoribosyl transferase, N-terminal domain	2	
pfam02754	CCG - Cysteine-rich domain	1	
pfam02769	AIRS_C - AIR synthase related protein, C-terminal domain	6	
pfam02774	Semialdhyde_dhC - Semialdehyde dehydrogenase, dimerisation domain	1	
pfam02775	TPP_enzyme_C - Thiamine pyrophosphate enzyme, C-terminal TPP binding domain	6	
pfam02778	tRNA_int_endo_N - tRNA intron endonuclease, N-terminal domain	1	
pfam02779	Transket_pyr - Transketolase, pyrimidine binding domain	1	
pfam02780	Transketolase_C - Transketolase, C-terminal domain	1	
pfam02782	FGGY_C - FGGY family of carbohydrate kinases, C-terminal domain	2	
pfam02784	Orn_Arg_deC_N - Pyridoxal-dependent decarboxylase, pyridoxal binding domain	1	
pfam02788	RuBisCO_large_N - Ribulose bisphosphate carboxylase large chain, N-terminal domain	1	
pfam02800	Gp_dh_C - Glyceraldehyde 3-phosphate dehydrogenase, C-terminal domain	1	
pfam02803	Thiolase_C - Thiolase, C-terminal domain	1	
pfam02811	PHP - PHP domain	2	
pfam02812	ELFV_dehydrog_N - Glu/Leu/Phe/Val dehydrogenase, dimerisation domain	1	
pfam02824	TGS - TGS domain	2	
pfam02826	2-Hacid_dh_C - D-isomer specific 2-hydroxyacid dehydrogenase, NAD binding domain	3	
pfam02834	LigT_PEase - LigT like Phosphoesterase	1	
pfam02843	GARS_C - Phosphoribosylglycinamide synthetase, C domain	1	
pfam02844	GARS_N - Phosphoribosylglycinamide synthetase, N domain	1	
pfam02852	Pyr_redox_dim - Pyridine nucleotide-disulphide oxidoreductase, dimerisation domain	2	
pfam02867	Ribonuc_red_lgC - Ribonucleotide reductase, barrel domain	1	
pfam02874	ATP-synt_ab_N - ATP synthase alpha/beta family, beta-barrel domain	2	
pfam02878	PGM_PMM_I - Phosphoglucomutase/phosphomannomutase, alpha/beta/alpha domain I	4	
pfam02879	PGM_PMM_II - Phosphoglucomutase/phosphomannomutase, alpha/beta/alpha domain II	3	
pfam02880	PGM_PMM_III - Phosphoglucomutase/phosphomannomutase, alpha/beta/alpha domain III	3	
pfam02881	SRP54_N - SRP54-type protein, helical bundle domain	2	
pfam02885	Glycos_trans_3N - Glycosyl transferase family, helical bundle domain	1	
pfam02887	PK_C - Pyruvate kinase, alpha/beta domain	1	
pfam02894	GFO_IDH_MocA_C - Oxidoreductase family, C-terminal alpha/beta domain	3	
pfam02896	PEP-utilizers_C - PEP-utilising enzyme, TIM barrel domain	1	
pfam02897	Peptidase_S9_N - Prolyl oligopeptidase, N-terminal beta-propeller domain	1	
pfam02899	Phage_int_SAM_1 - Phage integrase, N-terminal SAM-like domain	1	
pfam02900	LigB - Catalytic LigB subunit of aromatic ring-opening dioxygenase	1	
pfam02910	Succ_DH_flav_C - Fumarate reductase flavoprotein C-term	1	
pfam02913	FAD-oxidase_C - FAD linked oxidases, C-terminal domain	1	
pfam02915	Rubrerythrin - Rubrerythrin	7	
pfam02926	THUMP - THUMP domain	6	
pfam02933	CDC48_2 - Cell division protein 48 (CDC48), domain 2	2	
pfam02934	GatB_N - GatB/GatE catalytic domain	1	
pfam02938	GAD - GAD domain	1	
pfam02952	Fucose_iso_C - L-fucose isomerase, C-terminal domain	1	
pfam02978	SRP_SPB - Signal peptide binding domain	1	
pfam02996	Prefoldin - Prefoldin subunit	2	
pfam03008	DUF234 - Archaea bacterial proteins of unknown function	9	
pfam03009	GDPD - Glycerophosphoryl diester phosphodiesterase family	2	
pfam03029	ATP_bind_1 - Conserved hypothetical ATP binding protein	1	
pfam03031	NIF - NLI interacting factor-like phosphatase	1	
pfam03061	4HBT - Thioesterase superfamily	1	
pfam03063	Prismane - Prismane/CO dehydrogenase family	1	
pfam03065	Glyco_hydro_57 - Glycosyl hydrolase family 57	4	
pfam03091	CutA1 - CutA1 divalent ion tolerance protein	1	
pfam03099	BPL_LplA_LipB - Biotin/lipoate A/B protein ligase family	3	
pfam03104	DNA_pol_B_exo1 - DNA polymerase family B, exonuclease domain	1	
pfam03129	HGTP_anticodon - Anticodon binding domain	4	
pfam03143	GTP_EFTU_D3 - Elongation factor Tu C-terminal domain	1	
pfam03144	GTP_EFTU_D2 - Elongation factor Tu domain 2	4	
pfam03167	UDG - Uracil DNA glycosylase superfamily	2	
pfam03168	LEA_2 - Late embryogenesis abundant protein	1	
pfam03176	MMPL - MMPL family	1	
pfam03186	CobD_Cbib - CobD/Cbib protein	1	
pfam03192	DUF257 - Pyrococcus protein of unknown function, DUF257	5	
pfam03205	MobB - Molybdopterin guanine dinucleotide synthesis protein B	1	
pfam03222	Trp_Tyr_perm - Tryptophan/tyrosine permease family	1	
pfam03259	Robl_LC7 - Roadblock/LC7 domain	1	
pfam03266	NTPase_1 - NTPase	1	
pfam03308	ArgK - ArgK protein	1	
pfam03334	PhaG_MnhG_YufB - Na+/H+ antiporter subunit	4	
pfam03367	zf-ZPR1 - ZPR1 zinc-finger domain	1	
pfam03372	Exo_endo_phos - Endonuclease/Exonuclease/phosphatase family	1	
pfam03435	Sacchrp_dh_NADP - Saccharopine dehydrogenase NADP binding domain	1	
pfam03437	BtpA - BtpA family	1	
pfam03439	Spt5-NGN - Early transcription elongation factor of RNA pol II, NGN section	1	
pfam03447	NAD_binding_3 - Homoserine dehydrogenase, NAD binding domain	1	
pfam03453	MoeA_N - MoeA N-terminal region (domain I and II)	2	
pfam03454	MoeA_C - MoeA C-terminal region (domain IV)	2	
pfam03459	TOBE - TOBE domain	1	
pfam03463	eRF1_1 - eRF1 domain 1	2	
pfam03464	eRF1_2 - eRF1 domain 2	2	
pfam03465	eRF1_3 - eRF1 domain 3	2	
pfam03477	ATP-cone - ATP cone domain	2	
pfam03479	DUF296 - Domain of unknown function (DUF296)	1	
pfam03481	SUA5 - Putative GTP-binding controlling metal-binding	1	
pfam03483	B3_4 - B3/4 domain	1	
pfam03484	B5 - tRNA synthetase B5 domain	1	
pfam03485	Arg_tRNA_synt_N - Arginyl tRNA synthetase N terminal domain	1	
pfam03486	HI0933_like - HI0933-like protein	1	
pfam03537	Glyco_hydro_114 - Glycoside-hydrolase family GH114	1	
pfam03551	PadR - Transcriptional regulator PadR-like family	5	
pfam03553	Na_H_antiporter - Na+/H+ antiporter family	1	
pfam03576	Peptidase_S58 - Peptidase family S58	1	
pfam03587	EMG1 - EMG1/NEP1 methyltransferase	1	
pfam03595	SLAC1 - Voltage-dependent anion channel	2	
pfam03600	CitMHS - Citrate transporter	2	
pfam03604	DNA_RNApol_7kD - DNA directed RNA polymerase, 7 kDa subunit	1	
pfam03625	DUF302 - Domain of unknown function DUF302	1	
pfam03657	UPF0113 - Uncharacterised protein family (UPF0113)	1	
pfam03673	UPF0128 - Uncharacterised protein family (UPF0128)	1	
pfam03683	UPF0175 - Uncharacterised protein family (UPF0175)	2	
pfam03684	UPF0179 - Uncharacterised protein family (UPF0179)	1	
pfam03685	UPF0147 - Uncharacterised protein family (UPF0147)	1	
pfam03686	UPF0146 - Uncharacterised protein family (UPF0146)	1	
pfam03692	CxxCxxCC - Putative zinc- or iron-chelating domain	2	
pfam03706	LPG_synthase_TM - Lysylphosphatidylglycerol synthase TM region	4	
pfam03719	Ribosomal_S5_C - Ribosomal protein S5, C-terminal domain	1	
pfam03720	UDPG_MGDP_dh_C - UDP-glucose/GDP-mannose dehydrogenase family, UDP binding domain	2	
pfam03721	UDPG_MGDP_dh_N - UDP-glucose/GDP-mannose dehydrogenase family, NAD binding domain	2	
pfam03725	RNase_PH_C - 3' exoribonuclease family, domain 2	2	
pfam03729	DUF308 - Short repeat of unknown function (DUF308)	1	
pfam03746	LamB_YcsF - LamB/YcsF family	1	
pfam03749	SfsA - Sugar fermentation stimulation protein	1	
pfam03764	EFG_IV - Elongation factor G, domain IV	1	
pfam03788	LrgA - LrgA family	1	
pfam03807	F420_oxidored - NADP oxidoreductase coenzyme F420-dependent	1	
pfam03819	MazG - MazG nucleotide pyrophosphohydrolase domain	2	
pfam03833	PolC_DP2 - DNA polymerase II large subunit DP2	1	
pfam03853	YjeF_N - YjeF-related protein N-terminus	1	
pfam03874	RNA_pol_Rpb4 - RNA polymerase Rpb4	1	
pfam03876	SHS2_Rpb7-N - SHS2 domain found in N terminus of Rpb7p/Rpc25p/MJ0397	1	
pfam03911	Sec61_beta - Sec61beta family	1	
pfam03946	Ribosomal_L11_N - Ribosomal protein L11, N-terminal domain	1	
pfam03947	Ribosomal_L2_C - Ribosomal Proteins L2, C-terminal domain	1	
pfam03949	Malic_M - Malic enzyme, NAD binding domain	1	
pfam03950	tRNA-synt_1c_C - tRNA synthetases class I (E and Q), anti-codon binding domain	1	
pfam03951	Gln-synt_N - Glutamine synthetase, beta-Grasp domain	1	
pfam03952	Enolase_N - Enolase, N-terminal domain	2	
pfam03956	DUF340 - Membrane protein of unknown function (DUF340)	1	
pfam03965	Penicillinase_R - Penicillinase repressor	1	
pfam03966	Trm112p - Trm112p-like protein	1	
pfam03977	OAD_beta - Na+-transporting oxaloacetate decarboxylase beta subunit	1	
pfam04007	DUF354 - Protein of unknown function (DUF354)	1	
pfam04008	Adenosine_kin - Adenosine specific kinase	1	
pfam04009	DUF356 - Protein of unknown function (DUF356)	1	
pfam04010	DUF357 - Protein of unknown function (DUF357)	1	
pfam04013	Methyltrn_RNA_2 - Putative SAM-dependent RNA methyltransferase	1	
pfam04014	MazE_antitoxin - Antidote-toxin recognition MazE, bacterial antitoxin	6	
pfam04016	DUF364 - Putative heavy-metal chelation	1	
pfam04017	DUF366 - Domain of unknown function (DUF366)	1	
pfam04019	DUF359 - Protein of unknown function (DUF359)	1	
pfam04021	Class_IIIsignal - Class III signal peptide	3	
pfam04023	FeoA - FeoA domain	1	
pfam04024	PspC - PspC domain	1	
pfam04027	DUF371 - Domain of unknown function (DUF371)	1	
pfam04032	Rpr2 - RNAse P Rpr2/Rpp21/SNM1 subunit domain	1	
pfam04039	MnhB - Domain related to MnhB subunit of Na+/H+ antiporter	4	
pfam04041	Glyco_hydro_130 - beta-1,4-mannooligosaccharide phosphorylase	1	
pfam04042	DNA_pol_E_B - DNA polymerase alpha/epsilon subunit B	1	
pfam04055	Radical_SAM - Radical SAM superfamily	21	
pfam04060	FeS - Putative Fe-S cluster	1	
pfam04066	MrpF_PhaF - Multiple resistance and pH regulation protein F (MrpF / PhaF)	4	
pfam04068	RLI - Possible Fer4-like domain in RNase L inhibitor, RLI	1	
pfam04073	tRNA_edit - Aminoacyl-tRNA editing domain	1	
pfam04079	SMC_ScpB - Segregation and condensation complex subunit ScpB	1	
pfam04104	DNA_primase_lrg - Eukaryotic and archaeal DNA primase, large subunit	1	
pfam04123	DUF373 - Domain of unknown function (DUF373)	1	
pfam04127	DFP - DNA / pantothenate metabolism flavoprotein	1	
pfam04135	Nop10p - Nucleolar RNA-binding protein, Nop10p family	1	
pfam04138	GtrA - GtrA-like protein	1	
pfam04151	PPC - Bacterial pre-peptidase C-terminal domain	1	
pfam04167	DUF402 - Protein of unknown function (DUF402)	2	
pfam04172	LrgB - LrgB-like family	1	
pfam04188	Mannosyl_trans2 - Mannosyltransferase (PIG-V)	1	
pfam04191	PEMT - Phospholipid methyltransferase	1	
pfam04193	PQ-loop - PQ loop repeat	1	
pfam04199	Cyclase - Putative cyclase	1	
pfam04230	PS_pyruv_trans - Polysaccharide pyruvyl transferase	1	
pfam04242	DUF424 - Protein of unknown function (DUF424)	1	
pfam04252	RNA_Me_trans - Predicted SAM-dependent RNA methyltransferase	1	
pfam04254	DUF432 - Protein of unknown function (DUF432)	1	
pfam04256	DUF434 - Protein of unknown function (DUF434)	1	
pfam04266	ASCH - ASCH domain	6	
pfam04277	OAD_gamma - Oxaloacetate decarboxylase, gamma chain	1	
pfam04289	DUF447 - Protein of unknown function (DUF447)	1	
pfam04307	YdjM - LexA-binding, inner membrane-associated putative hydrolase	3	
pfam04312	DUF460 - Protein of unknown function (DUF460)	1	
pfam04322	DUF473 - Protein of unknown function (DUF473)	1	
pfam04324	Fer2_BFD - BFD-like [2Fe-2S] binding domain	3	
pfam04389	Peptidase_M28 - Peptidase family M28	1	
pfam04406	TP6A_N - Type IIB DNA topoisomerase	1	
pfam04407	DUF531 - Protein of unknown function (DUF531)	1	
pfam04409	DUF530 - Protein of unknown function (DUF530)	1	
pfam04410	Gar1 - Gar1/Naf1 RNA binding region	1	
pfam04412	DUF521 - Protein of unknown function (DUF521)	1	
pfam04414	tRNA_deacylase - D-aminoacyl-tRNA deacylase	1	
pfam04415	DUF515 - Protein of unknown function (DUF515)	1	
pfam04422	FrhB_FdhB_N - Coenzyme F420 hydrogenase/dehydrogenase, beta subunit N-term	1	
pfam04423	Rad50_zn_hook - Rad50 zinc hook motif	1	
pfam04430	DUF498 - Protein of unknown function (DUF498/DUF598)	1	
pfam04432	FrhB_FdhB_C - Coenzyme F420 hydrogenase/dehydrogenase, beta subunit C terminus	1	
pfam04434	SWIM - SWIM zinc finger	1	
pfam04457	DUF504 - Protein of unknown function (DUF504)	1	
pfam04458	DUF505 - Protein of unknown function (DUF505)	1	
pfam04459	DUF512 - Protein of unknown function (DUF512)	1	
pfam04463	DUF523 - Protein of unknown function (DUF523)	1	
pfam04465	DUF499 - Protein of unknown function (DUF499)	1	
pfam04471	Mrr_cat - Restriction endonuclease	1	
pfam04472	DUF552 - Protein of unknown function (DUF552)	1	
pfam04473	DUF553 - Transglutaminase-like domain	1	
pfam04475	DUF555 - Protein of unknown function (DUF555)	1	
pfam04493	Endonuclease_5 - Endonuclease V	1	
pfam04509	CheC - CheC-like family	1	
pfam04545	Sigma70_r4 - Sigma-70, region 4	1	
pfam04560	RNA_pol_Rpb2_7 - RNA polymerase Rpb2, domain 7	1	
pfam04561	RNA_pol_Rpb2_2 - RNA polymerase Rpb2, domain 2	1	
pfam04563	RNA_pol_Rpb2_1 - RNA polymerase beta subunit	1	
pfam04565	RNA_pol_Rpb2_3 - RNA polymerase Rpb2, domain 3	1	
pfam04566	RNA_pol_Rpb2_4 - RNA polymerase Rpb2, domain 4	1	
pfam04567	RNA_pol_Rpb2_5 - RNA polymerase Rpb2, domain 5	1	
pfam04587	ADP_PFK_GK - ADP-specific Phosphofructokinase/Glucokinase conserved region	2	
pfam04608	PgpA - Phosphatidylglycerophosphatase A	1	
pfam04659	Arch_fla_DE - Archaeal flagella protein	1	
pfam04675	DNA_ligase_A_N - DNA ligase N terminus	1	
pfam04679	DNA_ligase_A_C - ATP dependent DNA ligase C terminal region	1	
pfam04734	Ceramidase_alk - Neutral/alkaline non-lysosomal ceramidase, N-terminal	1	
pfam04851	ResIII - Type III restriction enzyme, res subunit	1	
pfam04879	Molybdop_Fe4S4 - Molybdopterin oxidoreductase Fe4S4 domain	3	
pfam04894	Nre_N - Archaeal Nre, N-terminal	1	
pfam04895	Nre_C - Archaeal Nre, C-terminal	1	
pfam04900	Fcf1 - Fcf1	1	
pfam04919	DUF655 - Protein of unknown function (DUF655)	1	
pfam04930	FUN14 - FUN14 family	1	
pfam04951	Peptidase_M55 - D-aminopeptidase	1	
pfam04967	HTH_10 - HTH DNA binding domain	1	
pfam04981	NMD3 - NMD3 family	1	
pfam04983	RNA_pol_Rpb1_3 - RNA polymerase Rpb1, domain 3	1	
pfam04997	RNA_pol_Rpb1_1 - RNA polymerase Rpb1, domain 1	1	
pfam04998	RNA_pol_Rpb1_5 - RNA polymerase Rpb1, domain 5	2	
pfam05000	RNA_pol_Rpb1_4 - RNA polymerase Rpb1, domain 4	1	
pfam05016	ParE_toxin - ParE toxin of type II toxin-antitoxin system, parDE	3	
pfam05123	S_layer_N - S-layer like family, N-terminal region	1	
pfam05124	S_layer_C - S-layer like family, C-terminal region	1	
pfam05127	Helicase_RecD - Helicase	1	
pfam05161	MOFRL - MOFRL family	1	
pfam05168	HEPN - HEPN domain	4	
pfam05175	MTS - Methyltransferase small domain	3	
pfam05189	RTC_insert - RNA 3'-terminal phosphate cyclase (RTC), insert domain	1	
pfam05191	ADK_lid - Adenylate kinase, active site lid	1	
pfam05221	AdoHcyase - S-adenosyl-L-homocysteine hydrolase	1	
pfam05239	PRC - PRC-barrel domain	2	
pfam05343	Peptidase_M42 - M42 glutamyl aminopeptidase	3	
pfam05362	Lon_C - Lon protease (S16) C-terminal proteolytic domain	2	
pfam05377	FlaC_arch - Flagella accessory protein C (FlaC)	1	
pfam05559	DUF763 - Protein of unknown function (DUF763)	1	
pfam05670	DUF814 - Domain of unknown function (DUF814)	1	
pfam05681	Fumerase - Fumarate hydratase (Fumerase)	1	
pfam05683	Fumerase_C - Fumarase C-terminus	1	
pfam05684	DUF819 - Protein of unknown function (DUF819)	1	
pfam05690	ThiG - Thiazole biosynthesis protein ThiG	2	
pfam05708	Peptidase_C92 - Permuted papain-like amidase enzyme, YaeF/YiiX, C92 family	2	
pfam05746	DALR_1 - DALR anticodon binding domain	1	
pfam05753	TRAP_beta - Translocon-associated protein beta (TRAPB)	1	
pfam05763	DUF835 - Protein of unknown function (DUF835)	11	
pfam05833	FbpA - Fibronectin-binding protein A N-terminus (FbpA)	1	
pfam05872	DUF853 - Bacterial protein of unknown function (DUF853)	1	
pfam05916	Sld5 - GINS complex protein	1	
pfam05958	tRNA_U5-meth_tr - tRNA (Uracil-5-)-methyltransferase	2	
pfam05971	Methyltransf_10 - Protein of unknown function (DUF890)	1	
pfam06026	Rib_5-P_isom_A - Ribose 5-phosphate isomerase A (phosphoriboisomerase A)	1	
pfam06032	DUF917 - Protein of unknown function (DUF917)	1	
pfam06068	TIP49 - TIP49 C-terminus	1	
pfam06093	Spt4 - Spt4/RpoE2 zinc finger	1	
pfam06146	PsiE - Phosphate-starvation-inducible E	1	
pfam06195	DUF996 - Protein of unknown function (DUF996)	1	
pfam06197	DUF998 - Protein of unknown function (DUF998)	3	
pfam06202	GDE_C - Amylo-alpha-1,6-glucosidase	1	
pfam06418	CTP_synth_N - CTP synthase N-terminus	1	
pfam06463	Mob_synth_C - Molybdenum Cofactor Synthesis C	1	
pfam06470	SMC_hinge - SMC proteins Flexible Hinge Domain	1	
pfam06508	QueC - Queuosine biosynthesis protein QueC	3	
pfam06510	DUF1102 - Protein of unknown function (DUF1102)	2	
pfam06560	GPI - Glucose-6-phosphate isomerase (GPI)	1	
pfam06634	DUF1156 - Protein of unknown function (DUF1156)	1	
pfam06677	Auto_anti-p27 - Sjogren's syndrome/scleroderma autoantigen 1 (Autoantigen p27)	1	
pfam06695	Sm_multidrug_ex - Putative small multi-drug export protein	1	
pfam06733	DEAD_2 - DEAD_2	1	
pfam06745	ATPase - KaiC	8	
pfam06777	HBB - Helical and beta-bridge domain	1	
pfam06808	DctM - Tripartite ATP-independent periplasmic transporter, DctM component	1	
pfam06819	Arc_PepC - Archaeal Peptidase A24 C-terminal Domain	1	
pfam06849	DUF1246 - Protein of unknown function (DUF1246)	3	
pfam06858	NOG1 - Nucleolar GTP-binding protein 1 (NOG1)	1	
pfam06973	DUF1297 - Domain of unknown function (DUF1297)	4	
pfam07194	P2 - P2 response regulator binding domain	1	
pfam07318	DUF1464 - Protein of unknown function (DUF1464)	1	
pfam07381	DUF1495 - Winged helix DNA-binding domain (DUF1495)	1	
pfam07503	zf-HYPF - HypF finger	1	
pfam07521	RMMBL - Zn-dependent metallo-hydrolase RNA specificity domain	2	
pfam07541	EIF_2_alpha - Eukaryotic translation initiation factor 2 alpha subunit	1	
pfam07650	KH_2 - KH domain	2	
pfam07664	FeoB_C - Ferrous iron transport protein B C terminus	1	
pfam07670	Gate - Nucleoside recognition	1	
pfam07676	PD40 - WD40-like Beta Propeller Repeat	1	
pfam07685	GATase_3 - CobB/CobQ-like glutamine amidotransferase domain	1	
pfam07687	M20_dimer - Peptidase dimerisation domain	5	
pfam07690	MFS_1 - Major Facilitator Superfamily	13	
pfam07705	CARDB - CARDB	1	
pfam07722	Peptidase_C26 - Peptidase C26	1	
pfam07726	AAA_3 - ATPase family associated with various cellular activities (AAA)	3	
pfam07728	AAA_5 - AAA domain (dynein-related subfamily)	1	
pfam07754	DUF1610 - Domain of unknown function (DUF1610)	1	
pfam07758	DUF1614 - Protein of unknown function (DUF1614)	1	
pfam07760	DUF1616 - Protein of unknown function (DUF1616)	1	
pfam07826	IMP_cyclohyd - IMP cyclohydrolase-like protein	1	
pfam07831	PYNP_C - Pyrimidine nucleoside phosphorylase C-terminal domain	1	
pfam07849	DUF1641 - Protein of unknown function (DUF1641)	1	
pfam07853	DUF1648 - Protein of unknown function (DUF1648)	1	
pfam07883	Cupin_2 - Cupin domain	2	
pfam07885	Ion_trans_2 - Ion channel	3	
pfam07892	DUF1667 - Protein of unknown function (DUF1667)	2	
pfam07973	tRNA_SAD - Threonyl and Alanyl tRNA synthetase second additional domain	3	
pfam07992	Pyr_redox_2 - Pyridine nucleotide-disulphide oxidoreductase	13	
pfam07994	NAD_binding_5 - Myo-inositol-1-phosphate synthase	1	
pfam07998	Peptidase_M54 - Peptidase family M54	2	
pfam08068	DKCLD - DKCLD (NUC011) domain	1	
pfam08069	Ribosomal_S13_N - Ribosomal S13/S15 N-terminal domain	1	
pfam08071	RS4NT - RS4NT (NUC023) domain	1	
pfam08207	EFP_N - Elongation factor P (EF-P) KOW-like domain	1	
pfam08220	HTH_DeoR - DeoR-like helix-turn-helix domain	1	
pfam08240	ADH_N - Alcohol dehydrogenase GroES-like domain	2	
pfam08241	Methyltransf_11 - Methyltransferase domain	2	
pfam08264	Anticodon_1 - Anticodon-binding domain of tRNA	4	
pfam08271	TF_Zn_Ribbon - TFIIB zinc-binding	2	
pfam08279	HTH_11 - HTH domain	2	
pfam08282	Hydrolase_3 - haloacid dehalogenase-like hydrolase	2	
pfam08308	PEGA - PEGA domain	10	
pfam08323	Glyco_transf_5 - Starch synthase catalytic domain	1	
pfam08351	DUF1726 - Domain of unknown function (DUF1726)	1	
pfam08352	oligo_HPY - Oligopeptide/dipeptide transporter, C-terminal region	4	
pfam08402	TOBE_2 - TOBE domain	5	
pfam08423	Rad51 - Rad51	2	
pfam08438	MMR_HSR1_C - GTPase of unknown function C-terminal	1	
pfam08489	DUF1743 - Domain of unknown function (DUF1743)	1	
pfam08494	DEAD_assoc - DEAD/H associated	2	
pfam08501	Shikimate_dh_N - Shikimate dehydrogenase substrate binding domain	1	
pfam08532	Glyco_hydro_42M - Beta-galactosidase trimerisation domain	1	
pfam08541	ACP_syn_III_C - 3-Oxoacyl-[acyl-carrier-protein (ACP)] synthase III C terminal	1	
pfam08542	Rep_fac_C - Replication factor C C-terminal domain	1	
pfam08543	Phos_pyr_kin - Phosphomethylpyrimidine kinase	1	
pfam08544	GHMP_kinases_C - GHMP kinases C terminal	2	
pfam08546	ApbA_C - Ketopantoate reductase PanE/ApbA C terminal	1	
pfam08608	Wyosine_form - Wyosine base formation	1	
pfam08617	CGI-121 - Kinase binding protein CGI-121	1	
pfam08646	Rep_fac-A_C - Replication factor-A C terminal domain	1	
pfam08669	GCV_T_C - Glycine cleavage T-protein C-terminal barrel domain	1	
pfam08704	GCD14 - tRNA methyltransferase complex GCD14 subunit	1	
pfam08745	PIN_5 - PINc domain ribonuclease	1	
pfam08753	NikR_C - NikR C terminal nickel binding domain	1	
pfam08905	DUF1850 - Domain of unknown function (DUF1850)	1	
pfam08915	tRNA-Thr_ED - Archaea-specific editing domain of threonyl-tRNA synthetase	1	
pfam08967	DUF1884 - Domain of unknown function (DUF1884)	2	
pfam09079	Cdc6_C - CDC6, C terminal winged helix domain	1	
pfam09084	NMT1 - NMT1/THI5 like	1	
pfam09094	DUF1925 - Domain of unknown function (DUF1925)	1	
pfam09095	DUF1926 - Domain of unknown function (DUF1926)	1	
pfam09123	DUF1931 - Domain of unknown function (DUF1931)	1	
pfam09153	DUF1938 - Domain of unknown function (DUF1938)	1	
pfam09154	DUF1939 - Domain of unknown function (DUF1939)	1	
pfam09171	AGOG - N-glycosylase/DNA lyase	1	
pfam09173	eIF2_C - Initiation factor eIF2 gamma, C terminal	1	
pfam09180	ProRS-C_1 - Prolyl-tRNA synthetase, C-terminal	1	
pfam09183	DUF1947 - Domain of unknown function (DUF1947)	1	
pfam09190	DALR_2 - DALR domain	1	
pfam09202	Rio2_N - Rio2, N-terminal	1	
pfam09210	DUF1957 - Domain of unknown function (DUF1957)	1	
pfam09239	Topo-VIb_trans - Topoisomerase VI B subunit, transducer	1	
pfam09249	tRNA_NucTransf2 - tRNA nucleotidyltransferase, second domain	1	
pfam09334	tRNA-synt_1g - tRNA synthetases class I (M)	1	
pfam09336	Vps4_C - Vps4 C terminal oligomerisation domain	3	
pfam09339	HTH_IclR - IclR helix-turn-helix domain	4	
pfam09341	Pcc1 - Transcription factor Pcc1	1	
pfam09376	NurA - NurA domain	1	
pfam09377	SBDS_C - SBDS protein C-terminal domain	1	
pfam09378	HAS-barrel - HAS barrel domain	1	
pfam09414	RNA_ligase - RNA ligase	1	
pfam09488	Osmo_MPGsynth - Mannosyl-3-phosphoglycerate synthase (osmo_MPGsynth)	1	
pfam09622	DUF2391 - Putative integral membrane protein (DUF2391)	1	
pfam09638	Ph1570 - Ph1570 protein	1	
pfam09703	Cas_Csa4 - CRISPR-associated protein (Cas_Csa4)	1	
pfam09721	Exosortase_EpsH - Transmembrane exosortase (Exosortase_EpsH)	2	
pfam09754	PAC2 - PAC2 family	2	
pfam09827	CRISPR_Cas2 - CRISPR associated protein Cas2	1	
pfam09840	DUF2067 - Uncharacterized protein conserved in archaea (DUF2067)	1	
pfam09847	12TM_1 - Membrane protein of 12 TMs	1	
pfam09851	SHOCT - Short C-terminal domain	1	
pfam09852	DUF2079 - Predicted membrane protein (DUF2079)	1	
pfam09868	DUF2095 - Uncharacterized protein conserved in archaea (DUF2095)	1	
pfam09874	DUF2101 - Predicted membrane protein (DUF2101)	1	
pfam09876	DUF2103 - Predicted metal-binding protein (DUF2103)	1	
pfam09883	DUF2110 - Uncharacterized protein conserved in archaea (DUF2110)	1	
pfam09891	DUF2118 - Uncharacterized protein conserved in archaea (DUF2118)	1	
pfam09910	DUF2139 - Uncharacterized protein conserved in archaea (DUF2139)	1	
pfam09946	DUF2178 - Predicted membrane protein (DUF2178)	1	
pfam09985	Glucodextran_C - C-terminal binding-module, SLH-like, of glucodextranase	3	
pfam09987	DUF2226 - Uncharacterized protein conserved in archaea (DUF2226)	1	
pfam09999	DUF2240 - Uncharacterized protein conserved in archaea (DUF2240)	1	
pfam10007	DUF2250 - Uncharacterized protein conserved in archaea (DUF2250)	1	
pfam10015	DUF2258 - Uncharacterized protein conserved in archaea (DUF2258)	1	
pfam10049	DUF2283 - Protein of unknown function (DUF2283)	2	
pfam10050	DUF2284 - Predicted metal-binding protein (DUF2284)	1	
pfam10066	DUF2304 - Uncharacterized conserved protein (DUF2304)	1	
pfam10086	DUF2324 - Putative membrane peptidase family (DUF2324)	1	
pfam10102	DUF2341 - Domain of unknown function (DUF2341)	4	
pfam10117	McrBC - McrBC 5-methylcytosine restriction system component	1	
pfam10120	ThiP_synth - Thiamine-phosphate synthase	2	
pfam10130	PIN_2 - PIN domain	2	
pfam10143	PhosphMutase - 2,3-bisphosphoglycerate-independent phosphoglycerate mutase	1	
pfam10150	RNase_E_G - Ribonuclease E/G family	1	
pfam10397	ADSL_C - Adenylosuccinate lyase C-terminus	1	
pfam10417	1-cysPrx_C - C-terminal domain of 1-Cys peroxiredoxin	1	
pfam10418	DHODB_Fe-S_bind - Iron-sulfur cluster binding domain of dihydroorotate dehydrogenase B	3	
pfam10437	Lip_prot_lig_C - Bacterial lipoate protein ligase C-terminus	1	
pfam10559	Plug_translocon - Plug domain of Sec61p	1	
pfam10584	Proteasome_A_N - Proteasome subunit A N-terminal signature	1	
pfam10602	RPN7 - 26S proteasome subunit RPN7	1	
pfam10609	ParA - NUBPL iron-transfer P-loop NTPase	2	
pfam10672	Methyltrans_SAM - S-adenosylmethionine-dependent methyltransferase	1	
pfam10869	DUF2666 - Protein of unknown function (DUF2666)	1	
pfam10996	Beta-Casp - Beta-Casp domain	1	
pfam11419	DUF3194 - Protein of unknown function (DUF3194)	1	
pfam11447	DUF3201 - Protein of unknown function (DUF3201)	1	
pfam11469	Ribonucleas_3_2 - Ribonuclease III	1	
pfam11491	DUF3213 - Protein of unknown function (DUF3213)	1	
pfam11495	Regulator_TrmB - Archaeal transcriptional regulator TrmB	3	
pfam11505	DUF3216 - Protein of unknown function (DUF3216)	1	
pfam11536	DUF3226 - Protein of unknown function (DUF3226)	1	
pfam11537	DUF3227 - Protein of unknown function (DUF3227)	1	
pfam11848	DUF3368 - Domain of unknown function (DUF3368)	2	
pfam11897	DUF3417 - Protein of unknown function (DUF3417)	1	
pfam11987	IF-2 - Translation-initiation factor 2	1	
pfam12146	Hydrolase_4 - Serine aminopeptidase, S33	1	
pfam12172	DUF35_N - Rubredoxin-like zinc ribbon domain (DUF35_N)	1	
pfam12327	FtsZ_C - FtsZ family, C-terminal domain	2	
pfam12389	Peptidase_M73 - Camelysin metallo-endopeptidase	1	
pfam12679	ABC2_membrane_2 - ABC-2 family transporter protein	1	
pfam12698	ABC2_membrane_3 - ABC-2 family transporter protein	4	
pfam12705	PDDEXK_1 - PD-(D/E)XK nuclease superfamily	1	
pfam12706	Lactamase_B_2 - Beta-lactamase superfamily domain	6	
pfam12710	HAD - haloacid dehalogenase-like hydrolase	1	
pfam12717	Cnd1 - non-SMC mitotic condensation complex subunit 1	1	
pfam12730	ABC2_membrane_4 - ABC-2 family transporter protein	1	
pfam12773	DZR - Double zinc ribbon	1	
pfam12800	Fer4_4 - 4Fe-4S binding domain	1	
pfam12802	MarR_2 - MarR family	1	
pfam12804	NTP_transf_3 - MobA-like NTP transferase domain	3	
pfam12826	HHH_2 - Helix-hairpin-helix motif	1	
pfam12836	HHH_3 - Helix-hairpin-helix motif	1	
pfam12837	Fer4_6 - 4Fe-4S binding domain	2	
pfam12838	Fer4_7 - 4Fe-4S dicluster domain	8	
pfam12840	HTH_20 - Helix-turn-helix domain	5	
pfam12844	HTH_19 - Helix-turn-helix domain	1	
pfam12849	PBP_like_2 - PBP superfamily domain	1	
pfam12850	Metallophos_2 - Calcineurin-like phosphoesterase superfamily domain	5	
pfam12911	OppC_N - N-terminal TM domain of oligopeptide transport permease C	2	
pfam13020	DUF3883 - Domain of unknown function (DUF3883)	1	
pfam13023	HD_3 - HD domain	1	
pfam13086	AAA_11 - AAA domain	1	
pfam13087	AAA_12 - AAA domain	1	
pfam13167	GTP-bdg_N - GTP-binding GTPase N-terminal	1	
pfam13173	AAA_14 - AAA domain	6	
pfam13175	AAA_15 - AAA ATPase domain	1	
pfam13180	PDZ_2 - PDZ domain	1	
pfam13181	TPR_8 - Tetratricopeptide repeat	2	
pfam13183	Fer4_8 - 4Fe-4S dicluster domain	1	
pfam13184	KH_5 - NusA-like KH domain	1	
pfam13186	SPASM - Iron-sulfur cluster-binding domain	3	
pfam13187	Fer4_9 - 4Fe-4S dicluster domain	2	
pfam13189	Cytidylate_kin2 - Cytidylate kinase-like family	1	
pfam13191	AAA_16 - AAA ATPase domain	1	
pfam13192	Thioredoxin_3 - Thioredoxin domain	1	
pfam13193	AMP-binding_C - AMP-binding enzyme C-terminal domain	1	
pfam13200	DUF4015 - Putative glycosyl hydrolase domain	1	
pfam13207	AAA_17 - AAA domain	2	
pfam13229	Beta_helix - Right handed beta helix region	1	
pfam13230	GATase_4 - Glutamine amidotransferases class-II	1	
pfam13231	PMT_2 - Dolichyl-phosphate-mannose-protein mannosyltransferase	1	
pfam13238	AAA_18 - AAA domain	2	
pfam13242	Hydrolase_like - HAD-hyrolase-like	1	
pfam13244	DUF4040 - Domain of unknown function (DUF4040)	4	
pfam13245	AAA_19 - AAA domain	1	
pfam13247	Fer4_11 - 4Fe-4S dicluster domain	5	
pfam13302	Acetyltransf_3 - Acetyltransferase (GNAT) domain	2	
pfam13307	Helicase_C_2 - Helicase C-terminal domain	1	
pfam13343	SBP_bac_6 - Bacterial extracellular solute-binding protein	2	
pfam13344	Hydrolase_6 - Haloacid dehalogenase-like hydrolase	1	
pfam13349	DUF4097 - Putative adhesin	1	
pfam13353	Fer4_12 - 4Fe-4S single cluster domain	7	
pfam13360	PQQ_2 - PQQ-like domain	2	
pfam13361	UvrD_C - UvrD-like helicase C-terminal domain	1	
pfam13367	PrsW-protease - Protease prsW family	1	
pfam13370	Fer4_13 - 4Fe-4S single cluster domain of Ferredoxin I	1	
pfam13380	CoA_binding_2 - CoA binding domain	6	
pfam13385	Laminin_G_3 - Concanavalin A-like lectin/glucanases superfamily	2	
pfam13393	tRNA-synt_His - Histidyl-tRNA synthetase	2	
pfam13394	Fer4_14 - 4Fe-4S single cluster domain	1	
pfam13396	PLDc_N - Phospholipase_D-nuclease N-terminal	1	
pfam13404	HTH_AsnC-type - AsnC-type helix-turn-helix domain	1	
pfam13412	HTH_24 - Winged helix-turn-helix DNA-binding	10	
pfam13416	SBP_bac_8 - Bacterial extracellular solute-binding protein	3	
pfam13419	HAD_2 - Haloacid dehalogenase-like hydrolase	9	
pfam13421	Band_7_1 - SPFH domain-Band 7 family	1	
pfam13424	TPR_12 - Tetratricopeptide repeat	2	
pfam13429	TPR_15 - Tetratricopeptide repeat	1	
pfam13439	Glyco_transf_4 - Glycosyltransferase Family 4	7	
pfam13463	HTH_27 - Winged helix DNA-binding domain	1	
pfam13470	PIN_3 - PIN domain	1	
pfam13483	Lactamase_B_3 - Beta-lactamase superfamily domain	2	
pfam13507	GATase_5 - CobB/CobQ-like glutamine amidotransferase domain	1	
pfam13510	Fer2_4 - 2Fe-2S iron-sulfur cluster binding domain	2	
pfam13520	AA_permease_2 - Amino acid permease	1	
pfam13522	GATase_6 - Glutamine amidotransferase domain	1	
pfam13527	Acetyltransf_9 - Acetyltransferase (GNAT) domain	1	
pfam13531	SBP_bac_11 - Bacterial extracellular solute-binding protein	1	
pfam13537	GATase_7 - Glutamine amidotransferase domain	3	
pfam13549	ATP-grasp_5 - ATP-grasp domain	2	
pfam13559	DUF4129 - Domain of unknown function (DUF4129)	2	
pfam13561	adh_short_C2 - Enoyl-(Acyl carrier protein) reductase	2	
pfam13580	SIS_2 - SIS domain	1	
pfam13588	HSDR_N_2 - Type I restriction enzyme R protein N terminus (HSDR_N)	1	
pfam13597	NRDD - Anaerobic ribonucleoside-triphosphate reductase	1	
pfam13601	HTH_34 - Winged helix DNA-binding domain	2	
pfam13607	Succ_CoA_lig - Succinyl-CoA ligase like flavodoxin domain	5	
pfam13614	AAA_31 - AAA domain	2	
pfam13620	CarboxypepD_reg - Carboxypeptidase regulatory-like domain	2	
pfam13630	SdpI - SdpI/YhfL protein family	2	
pfam13632	Glyco_trans_2_3 - Glycosyl transferase family group 2	1	
pfam13635	DUF4143 - Domain of unknown function (DUF4143)	3	
pfam13636	Methyltranf_PUA - RNA-binding PUA-like domain of methyltransferase RsmF	1	
pfam13649	Methyltransf_25 - Methyltransferase domain	6	
pfam13654	AAA_32 - AAA domain	1	
pfam13656	RNA_pol_L_2 - RNA polymerase Rpb3/Rpb11 dimerisation domain	1	
pfam13660	DUF4147 - Domain of unknown function (DUF4147)	1	
pfam13662	Toprim_4 - Toprim domain	1	
pfam13669	Glyoxalase_4 - Glyoxalase/Bleomycin resistance protein/Dioxygenase superfamily	1	
pfam13676	TIR_2 - TIR domain	1	
pfam13680	DUF4152 - Protein of unknown function (DUF4152)	1	
pfam13685	Fe-ADH_2 - Iron-containing alcohol dehydrogenase	1	
pfam13699	DUF4157 - Domain of unknown function (DUF4157)	1	
pfam13718	GNAT_acetyltr_2 - GNAT acetyltransferase 2	1	
pfam13722	CstA_5TM - 5TM C-terminal transporter carbon starvation CstA	1	
pfam13732	DUF4162 - Domain of unknown function (DUF4162)	2	
pfam13749	HATPase_c_4 - Putative ATP-dependent DNA helicase recG C-terminal	1	
pfam13793	Pribosyltran_N - N-terminal domain of ribose phosphate pyrophosphokinase	1	
pfam13847	Methyltransf_31 - Methyltransferase domain	2	
pfam13936	HTH_38 - Helix-turn-helix domain	2	
pfam13938	DUF4213 - Putative heavy-metal chelation	1	
pfam14076	DUF4258 - Domain of unknown function (DUF4258)	1	
pfam14204	Ribosomal_L18_c - Ribosomal L18 C-terminal region	1	
pfam14258	DUF4350 - Domain of unknown function (DUF4350)	1	
pfam14336	DUF4392 - Domain of unknown function (DUF4392)	1	
pfam14378	PAP2_3 - PAP2 superfamily	2	
pfam14382	ECR1_N - Exosome complex exonuclease RRP4 N-terminal region	2	
pfam14419	SPOUT_MTase_2 - AF2226-like SPOUT RNA Methylase fused to THUMP	1	
pfam14464	Prok-JAB - Prokaryotic homologs of the JAB domain	1	
pfam14470	bPH_3 - Bacterial PH domain	1	
pfam14492	EFG_II - Elongation Factor G, domain II	1	
pfam14520	HHH_5 - Helix-hairpin-helix domain	3	
pfam14528	LAGLIDADG_3 - LAGLIDADG-like domain	2	
pfam14544	DUF4443 - Domain of unknown function (DUF4443)	1	
pfam14551	MCM_N - MCM N-terminal domain	1	
pfam14578	GTP_EFTU_D4 - Elongation factor Tu domain 4	2	
pfam14601	TFX_C - DNA_binding protein, TFX, C-term	1	
pfam14602	Hexapep_2 - Hexapeptide repeat of succinyl-transferase	1	
pfam14667	Polysacc_synt_C - Polysaccharide biosynthesis C-terminal domain	2	
pfam14681	UPRTase - Uracil phosphoribosyltransferase	1	
pfam14691	Fer4_20 - Dihydroprymidine dehydrogenase domain II, 4Fe-4S cluster	2	
pfam14697	Fer4_21 - 4Fe-4S dicluster domain	3	
pfam14742	GDE_N_bis - N-terminal domain of (some) glycogen debranching enzymes	1	
pfam14748	P5CR_dimer - Pyrroline-5-carboxylate reductase dimerisation	1	
pfam14801	GCD14_N - tRNA methyltransferase complex GCD14 subunit N-term	1	
pfam14809	TGT_C1 - C1 domain of tRNA-guanine transglycosylase dimerisation	1	
pfam14810	TGT_C2 - Patch-forming domain C2 of tRNA-guanine transglycosylase	1	
pfam14890	Intein_splicing - Intein splicing domain	4	
pfam15517	TBPIP_N - TBP-interacting protein N-terminus	1	
pfam15632	ATPgrasp_Ter - ATP-grasp in the biosynthetic pathway with Ter operon	1	
pfam15985	KH_6 - KH domain	1	
pfam16177	ACAS_N - Acetyl-coenzyme A synthetase N-terminus	1	
pfam16198	TruB_C_2 - tRNA pseudouridylate synthase B C-terminal domain	1	
pfam16199	Radical_SAM_C - Radical_SAM C-terminal domain	1	
pfam16360	GTP-bdg_M - GTP-binding GTPase Middle Region	1	
pfam16450	Prot_ATP_ID_OB - Proteasomal ATPase OB/ID domain	1	
pfam16561	AMPK1_CBM - Glycogen recognition site of AMP-activated protein kinase	1	
pfam16575	CLP1_P - mRNA cleavage and polyadenylation factor CLP1 P-loop	1	
pfam16653	Sacchrp_dh_C - Saccharopine dehydrogenase C-terminal domain	1	
pfam16661	Lactamase_B_6 - Metallo-beta-lactamase superfamily domain	1	
pfam16760	CBM53 - Starch/carbohydrate-binding module (family 53)	1	
pfam16795	Phage_integr_3 - Archaeal phage integrase	2	
pfam16861	Carbam_trans_C - Carbamoyltransferase C-terminus	1	
pfam16868	NMT1_3 - NMT1-like family	1	
pfam16886	ATP-synt_ab_Xtn - ATPsynthase alpha/beta subunit N-term extension	1	
pfam16897	MMR_HSR1_Xtn - C-terminal region of MMR_HSR1 domain	1	
pfam16906	Ribosomal_L26 - Ribosomal proteins L26 eukaryotic, L24P archaeal	1	
pfam16916	ZT_dimer - Dimerisation domain of Zinc Transporter	1	
pfam16999	V-ATPase_G_2 - Vacuolar (H+)-ATPase G subunit	1	
pfam17125	Methyltr_RsmF_N - N-terminal domain of 16S rRNA methyltransferase RsmF	4	
pfam17135	Ribosomal_L18 - Ribosomal protein 60S L18 and 50S L18e	1	
pfam17144	Ribosomal_L5e - Ribosomal large subunit proteins 60S L5, and 50S L18	1	
pfam17146	PIN_6 - PIN domain of ribonuclease	1	
pfam17147	PFOR_II - Pyruvate:ferredoxin oxidoreductase core domain II	4	
pfam17164	DUF5122 - Domain of unknown function (DUF5122) beta-propeller	4	
pfam17207	MCM_OB - MCM OB domain	1	
pfam17214	KH_7 - KH domain	1	
